sNoPlace,sNoPlaceCom,nLongitude,nLatitude,nPositionCentreLongitude,nPositionCentreLatitude,sStatut,sGenre,sType,sAutreTete,sNomRue,nSupVelo,sTypeExploitation,nTarifHoraire,sLocalisation,nTarifMax,Type,DateDebut,DateFin,maxHeures,sDescription,dtHeureDebut,dtHeureFin,bLun,bMar,bMer,bJeu,bVen,bSam,bDim
A007,A007-MX-02-125,-73.58185649590118,45.4895931262782,-73.58186970926198,45.48962311929694,1,NORMAL,Double,A008,Sussex,0,"Regulier Payez-Partez",350,S,,Q,0101,3112,3,"MAX 3 h 9h - 18 h SAM et 13 h - 18 h DIM",13:00:00,18:00:00,0,0,0,0,0,0,1
A007,A007-MX-02-28,-73.58185649590118,45.4895931262782,-73.58186970926198,45.48962311929694,1,NORMAL,Double,A008,Sussex,0,"Regulier Payez-Partez",350,S,,Q,0101,3112,3,"MAX 3 h 9h - 18 h SAM et 13 h - 18 h DIM",09:00:00,18:00:00,0,0,0,0,0,1,0
A007,A007-MX-01-109,-73.58185649590118,45.4895931262782,-73.58186970926198,45.48962311929694,1,NORMAL,Double,A008,Sussex,0,"Regulier Payez-Partez",350,S,,P,0101,3112,3,"MAX 3 h18 h - 21 h LUN A VEN",18:00:00,21:00:00,1,1,1,1,1,0,0
A007,A007-CH-AA-125,-73.58185649590118,45.4895931262782,-73.58186970926198,45.48962311929694,1,NORMAL,Double,A008,Sussex,0,"Regulier Payez-Partez",350,S,,U,0101,3112,2,"LUN A VEN 9 h - 21 h SAM 9 h - 18 h DIM 13 h - 18 h",13:00:00,18:00:00,0,0,0,0,0,0,1
A007,A007-CH-AA-108,-73.58185649590118,45.4895931262782,-73.58186970926198,45.48962311929694,1,NORMAL,Double,A008,Sussex,0,"Regulier Payez-Partez",350,S,,U,0101,3112,2,"LUN A VEN 9 h - 21 h SAM 9 h - 18 h DIM 13 h - 18 h",09:00:00,21:00:00,1,1,1,1,1,0,0
A007,A007-CH-AA-28,-73.58185649590118,45.4895931262782,-73.58186970926198,45.48962311929694,1,NORMAL,Double,A008,Sussex,0,"Regulier Payez-Partez",350,S,,U,0101,3112,2,"LUN A VEN 9 h - 21 h SAM 9 h - 18 h DIM 13 h - 18 h",09:00:00,18:00:00,0,0,0,0,0,1,0
A008,A008-MX-02-125,-73.58185649590118,45.4895931262782,-73.5818056383979,45.48959176808426,1,NORMAL,Double,A007,Sussex,0,"Regulier Payez-Partez",350,S,,Q,0101,3112,3,"MAX 3 h 9h - 18 h SAM et 13 h - 18 h DIM",13:00:00,18:00:00,0,0,0,0,0,0,1
A008,A008-MX-02-28,-73.58185649590118,45.4895931262782,-73.5818056383979,45.48959176808426,1,NORMAL,Double,A007,Sussex,0,"Regulier Payez-Partez",350,S,,Q,0101,3112,3,"MAX 3 h 9h - 18 h SAM et 13 h - 18 h DIM",09:00:00,18:00:00,0,0,0,0,0,1,0
A008,A008-MX-01-109,-73.58185649590118,45.4895931262782,-73.5818056383979,45.48959176808426,1,NORMAL,Double,A007,Sussex,0,"Regulier Payez-Partez",350,S,,P,0101,3112,3,"MAX 3 h18 h - 21 h LUN A VEN",18:00:00,21:00:00,1,1,1,1,1,0,0
A008,A008-CH-AA-125,-73.58185649590118,45.4895931262782,-73.5818056383979,45.48959176808426,1,NORMAL,Double,A007,Sussex,0,"Regulier Payez-Partez",350,S,,U,0101,3112,2,"LUN A VEN 9 h - 21 h SAM 9 h - 18 h DIM 13 h - 18 h",13:00:00,18:00:00,0,0,0,0,0,0,1
A008,A008-CH-AA-108,-73.58185649590118,45.4895931262782,-73.5818056383979,45.48959176808426,1,NORMAL,Double,A007,Sussex,0,"Regulier Payez-Partez",350,S,,U,0101,3112,2,"LUN A VEN 9 h - 21 h SAM 9 h - 18 h DIM 13 h - 18 h",09:00:00,21:00:00,1,1,1,1,1,0,0
A008,A008-CH-AA-28,-73.58185649590118,45.4895931262782,-73.5818056383979,45.48959176808426,1,NORMAL,Double,A007,Sussex,0,"Regulier Payez-Partez",350,S,,U,0101,3112,2,"LUN A VEN 9 h - 21 h SAM 9 h - 18 h DIM 13 h - 18 h",09:00:00,18:00:00,0,0,0,0,0,1,0
A009,A009-MX-02-125,-73.58172693484217,45.489531785184084,-73.58174017059386,45.48956187872833,1,NORMAL,Double,A010,Sussex,0,"Regulier Payez-Partez",350,S,,Q,0101,3112,3,"MAX 3 h 9h - 18 h SAM et 13 h - 18 h DIM",13:00:00,18:00:00,0,0,0,0,0,0,1
A009,A009-MX-02-28,-73.58172693484217,45.489531785184084,-73.58174017059386,45.48956187872833,1,NORMAL,Double,A010,Sussex,0,"Regulier Payez-Partez",350,S,,Q,0101,3112,3,"MAX 3 h 9h - 18 h SAM et 13 h - 18 h DIM",09:00:00,18:00:00,0,0,0,0,0,1,0
A009,A009-MX-01-109,-73.58172693484217,45.489531785184084,-73.58174017059386,45.48956187872833,1,NORMAL,Double,A010,Sussex,0,"Regulier Payez-Partez",350,S,,P,0101,3112,3,"MAX 3 h18 h - 21 h LUN A VEN",18:00:00,21:00:00,1,1,1,1,1,0,0
A009,A009-CH-AA-125,-73.58172693484217,45.489531785184084,-73.58174017059386,45.48956187872833,1,NORMAL,Double,A010,Sussex,0,"Regulier Payez-Partez",350,S,,U,0101,3112,2,"LUN A VEN 9 h - 21 h SAM 9 h - 18 h DIM 13 h - 18 h",13:00:00,18:00:00,0,0,0,0,0,0,1
A009,A009-CH-AA-108,-73.58172693484217,45.489531785184084,-73.58174017059386,45.48956187872833,1,NORMAL,Double,A010,Sussex,0,"Regulier Payez-Partez",350,S,,U,0101,3112,2,"LUN A VEN 9 h - 21 h SAM 9 h - 18 h DIM 13 h - 18 h",09:00:00,21:00:00,1,1,1,1,1,0,0
A009,A009-CH-AA-28,-73.58172693484217,45.489531785184084,-73.58174017059386,45.48956187872833,1,NORMAL,Double,A010,Sussex,0,"Regulier Payez-Partez",350,S,,U,0101,3112,2,"LUN A VEN 9 h - 21 h SAM 9 h - 18 h DIM 13 h - 18 h",09:00:00,18:00:00,0,0,0,0,0,1,0
A010,A010-MX-02-125,-73.58172693484217,45.489531785184084,-73.581676099871,45.48953052744254,1,NORMAL,Double,A009,Sussex,0,"Regulier Payez-Partez",350,S,,Q,0101,3112,3,"MAX 3 h 9h - 18 h SAM et 13 h - 18 h DIM",13:00:00,18:00:00,0,0,0,0,0,0,1
A010,A010-MX-02-28,-73.58172693484217,45.489531785184084,-73.581676099871,45.48953052744254,1,NORMAL,Double,A009,Sussex,0,"Regulier Payez-Partez",350,S,,Q,0101,3112,3,"MAX 3 h 9h - 18 h SAM et 13 h - 18 h DIM",09:00:00,18:00:00,0,0,0,0,0,1,0
A010,A010-MX-01-109,-73.58172693484217,45.489531785184084,-73.581676099871,45.48953052744254,1,NORMAL,Double,A009,Sussex,0,"Regulier Payez-Partez",350,S,,P,0101,3112,3,"MAX 3 h18 h - 21 h LUN A VEN",18:00:00,21:00:00,1,1,1,1,1,0,0
A010,A010-CH-AA-125,-73.58172693484217,45.489531785184084,-73.581676099871,45.48953052744254,1,NORMAL,Double,A009,Sussex,0,"Regulier Payez-Partez",350,S,,U,0101,3112,2,"LUN A VEN 9 h - 21 h SAM 9 h - 18 h DIM 13 h - 18 h",13:00:00,18:00:00,0,0,0,0,0,0,1
A010,A010-CH-AA-108,-73.58172693484217,45.489531785184084,-73.581676099871,45.48953052744254,1,NORMAL,Double,A009,Sussex,0,"Regulier Payez-Partez",350,S,,U,0101,3112,2,"LUN A VEN 9 h - 21 h SAM 9 h - 18 h DIM 13 h - 18 h",09:00:00,21:00:00,1,1,1,1,1,0,0
A010,A010-CH-AA-28,-73.58172693484217,45.489531785184084,-73.581676099871,45.48953052744254,1,NORMAL,Double,A009,Sussex,0,"Regulier Payez-Partez",350,S,,U,0101,3112,2,"LUN A VEN 9 h - 21 h SAM 9 h - 18 h DIM 13 h - 18 h",09:00:00,18:00:00,0,0,0,0,0,1,0
A011,A011-MX-02-125,-73.5815968941687,45.48947107089396,-73.58161063220638,45.489500638012856,1,NORMAL,Double,A012,Sussex,0,"Regulier Payez-Partez",350,S,,Q,0101,3112,3,"MAX 3 h 9h - 18 h SAM et 13 h - 18 h DIM",13:00:00,18:00:00,0,0,0,0,0,0,1
A011,A011-MX-02-28,-73.5815968941687,45.48947107089396,-73.58161063220638,45.489500638012856,1,NORMAL,Double,A012,Sussex,0,"Regulier Payez-Partez",350,S,,Q,0101,3112,3,"MAX 3 h 9h - 18 h SAM et 13 h - 18 h DIM",09:00:00,18:00:00,0,0,0,0,0,1,0
A011,A011-MX-01-109,-73.5815968941687,45.48947107089396,-73.58161063220638,45.489500638012856,1,NORMAL,Double,A012,Sussex,0,"Regulier Payez-Partez",350,S,,P,0101,3112,3,"MAX 3 h18 h - 21 h LUN A VEN",18:00:00,21:00:00,1,1,1,1,1,0,0
A011,A011-CH-AA-125,-73.5815968941687,45.48947107089396,-73.58161063220638,45.489500638012856,1,NORMAL,Double,A012,Sussex,0,"Regulier Payez-Partez",350,S,,U,0101,3112,2,"LUN A VEN 9 h - 21 h SAM 9 h - 18 h DIM 13 h - 18 h",13:00:00,18:00:00,0,0,0,0,0,0,1
A011,A011-CH-AA-108,-73.5815968941687,45.48947107089396,-73.58161063220638,45.489500638012856,1,NORMAL,Double,A012,Sussex,0,"Regulier Payez-Partez",350,S,,U,0101,3112,2,"LUN A VEN 9 h - 21 h SAM 9 h - 18 h DIM 13 h - 18 h",09:00:00,21:00:00,1,1,1,1,1,0,0
A011,A011-CH-AA-28,-73.5815968941687,45.48947107089396,-73.58161063220638,45.489500638012856,1,NORMAL,Double,A012,Sussex,0,"Regulier Payez-Partez",350,S,,U,0101,3112,2,"LUN A VEN 9 h - 21 h SAM 9 h - 18 h DIM 13 h - 18 h",09:00:00,18:00:00,0,0,0,0,0,1,0
A012,A012-MX-02-125,-73.5815968941687,45.48947107089396,-73.58154656162475,45.489469286653076,1,NORMAL,Double,A011,Sussex,0,"Regulier Payez-Partez",350,S,,Q,0101,3112,3,"MAX 3 h 9h - 18 h SAM et 13 h - 18 h DIM",13:00:00,18:00:00,0,0,0,0,0,0,1
A012,A012-MX-02-28,-73.5815968941687,45.48947107089396,-73.58154656162475,45.489469286653076,1,NORMAL,Double,A011,Sussex,0,"Regulier Payez-Partez",350,S,,Q,0101,3112,3,"MAX 3 h 9h - 18 h SAM et 13 h - 18 h DIM",09:00:00,18:00:00,0,0,0,0,0,1,0
A012,A012-MX-01-109,-73.5815968941687,45.48947107089396,-73.58154656162475,45.489469286653076,1,NORMAL,Double,A011,Sussex,0,"Regulier Payez-Partez",350,S,,P,0101,3112,3,"MAX 3 h18 h - 21 h LUN A VEN",18:00:00,21:00:00,1,1,1,1,1,0,0
A012,A012-CH-AA-125,-73.5815968941687,45.48947107089396,-73.58154656162475,45.489469286653076,1,NORMAL,Double,A011,Sussex,0,"Regulier Payez-Partez",350,S,,U,0101,3112,2,"LUN A VEN 9 h - 21 h SAM 9 h - 18 h DIM 13 h - 18 h",13:00:00,18:00:00,0,0,0,0,0,0,1
A012,A012-CH-AA-108,-73.5815968941687,45.48947107089396,-73.58154656162475,45.489469286653076,1,NORMAL,Double,A011,Sussex,0,"Regulier Payez-Partez",350,S,,U,0101,3112,2,"LUN A VEN 9 h - 21 h SAM 9 h - 18 h DIM 13 h - 18 h",09:00:00,21:00:00,1,1,1,1,1,0,0
A012,A012-CH-AA-28,-73.5815968941687,45.48947107089396,-73.58154656162475,45.489469286653076,1,NORMAL,Double,A011,Sussex,0,"Regulier Payez-Partez",350,S,,U,0101,3112,2,"LUN A VEN 9 h - 21 h SAM 9 h - 18 h DIM 13 h - 18 h",09:00:00,18:00:00,0,0,0,0,0,1,0
A013,A013-MX-02-125,-73.58146699793015,45.489410205390534,-73.58148109409953,45.48943939714873,1,NORMAL,Double,A014,Sussex,0,"Regulier Payez-Partez",350,S,,Q,0101,3112,3,"MAX 3 h 9h - 18 h SAM et 13 h - 18 h DIM",13:00:00,18:00:00,0,0,0,0,0,0,1
A013,A013-MX-02-28,-73.58146699793015,45.489410205390534,-73.58148109409953,45.48943939714873,1,NORMAL,Double,A014,Sussex,0,"Regulier Payez-Partez",350,S,,Q,0101,3112,3,"MAX 3 h 9h - 18 h SAM et 13 h - 18 h DIM",09:00:00,18:00:00,0,0,0,0,0,1,0
A013,A013-MX-01-109,-73.58146699793015,45.489410205390534,-73.58148109409953,45.48943939714873,1,NORMAL,Double,A014,Sussex,0,"Regulier Payez-Partez",350,S,,P,0101,3112,3,"MAX 3 h18 h - 21 h LUN A VEN",18:00:00,21:00:00,1,1,1,1,1,0,0
A013,A013-CH-AA-125,-73.58146699793015,45.489410205390534,-73.58148109409953,45.48943939714873,1,NORMAL,Double,A014,Sussex,0,"Regulier Payez-Partez",350,S,,U,0101,3112,2,"LUN A VEN 9 h - 21 h SAM 9 h - 18 h DIM 13 h - 18 h",13:00:00,18:00:00,0,0,0,0,0,0,1
A013,A013-CH-AA-108,-73.58146699793015,45.489410205390534,-73.58148109409953,45.48943939714873,1,NORMAL,Double,A014,Sussex,0,"Regulier Payez-Partez",350,S,,U,0101,3112,2,"LUN A VEN 9 h - 21 h SAM 9 h - 18 h DIM 13 h - 18 h",09:00:00,21:00:00,1,1,1,1,1,0,0
A013,A013-CH-AA-28,-73.58146699793015,45.489410205390534,-73.58148109409953,45.48943939714873,1,NORMAL,Double,A014,Sussex,0,"Regulier Payez-Partez",350,S,,U,0101,3112,2,"LUN A VEN 9 h - 21 h SAM 9 h - 18 h DIM 13 h - 18 h",09:00:00,18:00:00,0,0,0,0,0,1,0
A014,A014-MX-02-125,-73.58146699793015,45.489410205390534,-73.58142184979795,45.48940785754312,1,NORMAL,Double,A013,Sussex,0,"Regulier Payez-Partez",350,S,,Q,0101,3112,3,"MAX 3 h 9h - 18 h SAM et 13 h - 18 h DIM",13:00:00,18:00:00,0,0,0,0,0,0,1
A014,A014-MX-02-28,-73.58146699793015,45.489410205390534,-73.58142184979795,45.48940785754312,1,NORMAL,Double,A013,Sussex,0,"Regulier Payez-Partez",350,S,,Q,0101,3112,3,"MAX 3 h 9h - 18 h SAM et 13 h - 18 h DIM",09:00:00,18:00:00,0,0,0,0,0,1,0
A014,A014-MX-01-109,-73.58146699793015,45.489410205390534,-73.58142184979795,45.48940785754312,1,NORMAL,Double,A013,Sussex,0,"Regulier Payez-Partez",350,S,,P,0101,3112,3,"MAX 3 h18 h - 21 h LUN A VEN",18:00:00,21:00:00,1,1,1,1,1,0,0
A014,A014-CH-AA-125,-73.58146699793015,45.489410205390534,-73.58142184979795,45.48940785754312,1,NORMAL,Double,A013,Sussex,0,"Regulier Payez-Partez",350,S,,U,0101,3112,2,"LUN A VEN 9 h - 21 h SAM 9 h - 18 h DIM 13 h - 18 h",13:00:00,18:00:00,0,0,0,0,0,0,1
A014,A014-CH-AA-108,-73.58146699793015,45.489410205390534,-73.58142184979795,45.48940785754312,1,NORMAL,Double,A013,Sussex,0,"Regulier Payez-Partez",350,S,,U,0101,3112,2,"LUN A VEN 9 h - 21 h SAM 9 h - 18 h DIM 13 h - 18 h",09:00:00,21:00:00,1,1,1,1,1,0,0
A014,A014-CH-AA-28,-73.58146699793015,45.489410205390534,-73.58142184979795,45.48940785754312,1,NORMAL,Double,A013,Sussex,0,"Regulier Payez-Partez",350,S,,U,0101,3112,2,"LUN A VEN 9 h - 21 h SAM 9 h - 18 h DIM 13 h - 18 h",09:00:00,18:00:00,0,0,0,0,0,1,0
A017,A017-MX-02-125,-73.58121902756756,45.48927673642366,-73.5812329256927,45.489307023836325,1,NORMAL,Double,A018,Sussex,0,"Regulier Payez-Partez",350,S,,Q,0101,3112,3,"MAX 3 h 9h - 18 h SAM et 13 h - 18 h DIM",13:00:00,18:00:00,0,0,0,0,0,0,1
A017,A017-MX-02-28,-73.58121902756756,45.48927673642366,-73.5812329256927,45.489307023836325,1,NORMAL,Double,A018,Sussex,0,"Regulier Payez-Partez",350,S,,Q,0101,3112,3,"MAX 3 h 9h - 18 h SAM et 13 h - 18 h DIM",09:00:00,18:00:00,0,0,0,0,0,1,0
A017,A017-MX-01-109,-73.58121902756756,45.48927673642366,-73.5812329256927,45.489307023836325,1,NORMAL,Double,A018,Sussex,0,"Regulier Payez-Partez",350,S,,P,0101,3112,3,"MAX 3 h18 h - 21 h LUN A VEN",18:00:00,21:00:00,1,1,1,1,1,0,0
A017,A017-CH-AA-125,-73.58121902756756,45.48927673642366,-73.5812329256927,45.489307023836325,1,NORMAL,Double,A018,Sussex,0,"Regulier Payez-Partez",350,S,,U,0101,3112,2,"LUN A VEN 9 h - 21 h SAM 9 h - 18 h DIM 13 h - 18 h",13:00:00,18:00:00,0,0,0,0,0,0,1
A017,A017-CH-AA-108,-73.58121902756756,45.48927673642366,-73.5812329256927,45.489307023836325,1,NORMAL,Double,A018,Sussex,0,"Regulier Payez-Partez",350,S,,U,0101,3112,2,"LUN A VEN 9 h - 21 h SAM 9 h - 18 h DIM 13 h - 18 h",09:00:00,21:00:00,1,1,1,1,1,0,0
A017,A017-CH-AA-28,-73.58121902756756,45.48927673642366,-73.5812329256927,45.489307023836325,1,NORMAL,Double,A018,Sussex,0,"Regulier Payez-Partez",350,S,,U,0101,3112,2,"LUN A VEN 9 h - 21 h SAM 9 h - 18 h DIM 13 h - 18 h",09:00:00,18:00:00,0,0,0,0,0,1,0
A018,A018-MX-02-125,-73.58121902756756,45.48927673642366,-73.58117317846767,45.48927513504963,1,NORMAL,Double,A017,Sussex,0,"Regulier Payez-Partez",350,S,,Q,0101,3112,3,"MAX 3 h 9h - 18 h SAM et 13 h - 18 h DIM",13:00:00,18:00:00,0,0,0,0,0,0,1
A018,A018-MX-02-28,-73.58121902756756,45.48927673642366,-73.58117317846767,45.48927513504963,1,NORMAL,Double,A017,Sussex,0,"Regulier Payez-Partez",350,S,,Q,0101,3112,3,"MAX 3 h 9h - 18 h SAM et 13 h - 18 h DIM",09:00:00,18:00:00,0,0,0,0,0,1,0
A018,A018-MX-01-109,-73.58121902756756,45.48927673642366,-73.58117317846767,45.48927513504963,1,NORMAL,Double,A017,Sussex,0,"Regulier Payez-Partez",350,S,,P,0101,3112,3,"MAX 3 h18 h - 21 h LUN A VEN",18:00:00,21:00:00,1,1,1,1,1,0,0
A018,A018-CH-AA-125,-73.58121902756756,45.48927673642366,-73.58117317846767,45.48927513504963,1,NORMAL,Double,A017,Sussex,0,"Regulier Payez-Partez",350,S,,U,0101,3112,2,"LUN A VEN 9 h - 21 h SAM 9 h - 18 h DIM 13 h - 18 h",13:00:00,18:00:00,0,0,0,0,0,0,1
A018,A018-CH-AA-108,-73.58121902756756,45.48927673642366,-73.58117317846767,45.48927513504963,1,NORMAL,Double,A017,Sussex,0,"Regulier Payez-Partez",350,S,,U,0101,3112,2,"LUN A VEN 9 h - 21 h SAM 9 h - 18 h DIM 13 h - 18 h",09:00:00,21:00:00,1,1,1,1,1,0,0
A018,A018-CH-AA-28,-73.58121902756756,45.48927673642366,-73.58117317846767,45.48927513504963,1,NORMAL,Double,A017,Sussex,0,"Regulier Payez-Partez",350,S,,U,0101,3112,2,"LUN A VEN 9 h - 21 h SAM 9 h - 18 h DIM 13 h - 18 h",09:00:00,18:00:00,0,0,0,0,0,1,0
A019,A019-MX-02-125,-73.58109466098537,45.48921040403181,-73.58110963485301,45.489241219947274,1,NORMAL,Double,A020,Sussex,0,"Regulier Payez-Partez",350,S,,Q,0101,3112,3,"MAX 3 h 9h - 18 h SAM et 13 h - 18 h DIM",13:00:00,18:00:00,0,0,0,0,0,0,1
A019,A019-MX-02-28,-73.58109466098537,45.48921040403181,-73.58110963485301,45.489241219947274,1,NORMAL,Double,A020,Sussex,0,"Regulier Payez-Partez",350,S,,Q,0101,3112,3,"MAX 3 h 9h - 18 h SAM et 13 h - 18 h DIM",09:00:00,18:00:00,0,0,0,0,0,1,0
A019,A019-MX-01-109,-73.58109466098537,45.48921040403181,-73.58110963485301,45.489241219947274,1,NORMAL,Double,A020,Sussex,0,"Regulier Payez-Partez",350,S,,P,0101,3112,3,"MAX 3 h18 h - 21 h LUN A VEN",18:00:00,21:00:00,1,1,1,1,1,0,0
A019,A019-CH-AA-125,-73.58109466098537,45.48921040403181,-73.58110963485301,45.489241219947274,1,NORMAL,Double,A020,Sussex,0,"Regulier Payez-Partez",350,S,,U,0101,3112,2,"LUN A VEN 9 h - 21 h SAM 9 h - 18 h DIM 13 h - 18 h",13:00:00,18:00:00,0,0,0,0,0,0,1
A019,A019-CH-AA-108,-73.58109466098537,45.48921040403181,-73.58110963485301,45.489241219947274,1,NORMAL,Double,A020,Sussex,0,"Regulier Payez-Partez",350,S,,U,0101,3112,2,"LUN A VEN 9 h - 21 h SAM 9 h - 18 h DIM 13 h - 18 h",09:00:00,21:00:00,1,1,1,1,1,0,0
A019,A019-CH-AA-28,-73.58109466098537,45.48921040403181,-73.58110963485301,45.489241219947274,1,NORMAL,Double,A020,Sussex,0,"Regulier Payez-Partez",350,S,,U,0101,3112,2,"LUN A VEN 9 h - 21 h SAM 9 h - 18 h DIM 13 h - 18 h",09:00:00,18:00:00,0,0,0,0,0,1,0
A020,A020-MX-02-125,-73.58109466098537,45.48921040403181,-73.58104884324055,45.48920877359801,1,NORMAL,Double,A019,Sussex,0,"Regulier Payez-Partez",350,S,,Q,0101,3112,3,"MAX 3 h 9h - 18 h SAM et 13 h - 18 h DIM",13:00:00,18:00:00,0,0,0,0,0,0,1
A020,A020-MX-02-28,-73.58109466098537,45.48921040403181,-73.58104884324055,45.48920877359801,1,NORMAL,Double,A019,Sussex,0,"Regulier Payez-Partez",350,S,,Q,0101,3112,3,"MAX 3 h 9h - 18 h SAM et 13 h - 18 h DIM",09:00:00,18:00:00,0,0,0,0,0,1,0
A020,A020-MX-01-109,-73.58109466098537,45.48921040403181,-73.58104884324055,45.48920877359801,1,NORMAL,Double,A019,Sussex,0,"Regulier Payez-Partez",350,S,,P,0101,3112,3,"MAX 3 h18 h - 21 h LUN A VEN",18:00:00,21:00:00,1,1,1,1,1,0,0
A020,A020-CH-AA-125,-73.58109466098537,45.48921040403181,-73.58104884324055,45.48920877359801,1,NORMAL,Double,A019,Sussex,0,"Regulier Payez-Partez",350,S,,U,0101,3112,2,"LUN A VEN 9 h - 21 h SAM 9 h - 18 h DIM 13 h - 18 h",13:00:00,18:00:00,0,0,0,0,0,0,1
A020,A020-CH-AA-108,-73.58109466098537,45.48921040403181,-73.58104884324055,45.48920877359801,1,NORMAL,Double,A019,Sussex,0,"Regulier Payez-Partez",350,S,,U,0101,3112,2,"LUN A VEN 9 h - 21 h SAM 9 h - 18 h DIM 13 h - 18 h",09:00:00,21:00:00,1,1,1,1,1,0,0
A020,A020-CH-AA-28,-73.58109466098537,45.48921040403181,-73.58104884324055,45.48920877359801,1,NORMAL,Double,A019,Sussex,0,"Regulier Payez-Partez",350,S,,U,0101,3112,2,"LUN A VEN 9 h - 21 h SAM 9 h - 18 h DIM 13 h - 18 h",09:00:00,18:00:00,0,0,0,0,0,1,0
A024,A024-ZY-35-216,-73.58675325583987,45.49187971850639,-73.5867522143367,45.49192125828147,1,NORMAL,Double,A025,Lambert-Closse,0,"Regulier Payez-Partez",350,S,,A,0104,0112,0,"STAT. INT. 10 h - 11 h LUN et JEU 01 avril au 01 decembre",10:00:00,11:00:00,1,0,0,1,0,0,0
A024,A024-PC-VS-319,-73.58675325583987,45.49187971850639,-73.5867522143367,45.49192125828147,1,NORMAL,Double,A025,Lambert-Closse,0,"Regulier Payez-Partez",350,S,,B,0101,3112,0,"Stationnement reserve - vehicule electrique seulement",00:00:01,00:00:59,0,0,0,0,0,0,0
A024,A024-MX-02-125,-73.58675325583987,45.49187971850639,-73.5867522143367,45.49192125828147,1,NORMAL,Double,A025,Lambert-Closse,0,"Regulier Payez-Partez",350,S,,Q,0101,3112,3,"MAX 3 h 9h - 18 h SAM et 13 h - 18 h DIM",13:00:00,18:00:00,0,0,0,0,0,0,1
A024,A024-MX-02-28,-73.58675325583987,45.49187971850639,-73.5867522143367,45.49192125828147,1,NORMAL,Double,A025,Lambert-Closse,0,"Regulier Payez-Partez",350,S,,Q,0101,3112,3,"MAX 3 h 9h - 18 h SAM et 13 h - 18 h DIM",09:00:00,18:00:00,0,0,0,0,0,1,0
A024,A024-MX-01-109,-73.58675325583987,45.49187971850639,-73.5867522143367,45.49192125828147,1,NORMAL,Double,A025,Lambert-Closse,0,"Regulier Payez-Partez",350,S,,P,0101,3112,3,"MAX 3 h18 h - 21 h LUN A VEN",18:00:00,21:00:00,1,1,1,1,1,0,0
A024,A024-CH-AA-125,-73.58675325583987,45.49187971850639,-73.5867522143367,45.49192125828147,1,NORMAL,Double,A025,Lambert-Closse,0,"Regulier Payez-Partez",350,S,,U,0101,3112,2,"LUN A VEN 9 h - 21 h SAM 9 h - 18 h DIM 13 h - 18 h",13:00:00,18:00:00,0,0,0,0,0,0,1
A024,A024-CH-AA-108,-73.58675325583987,45.49187971850639,-73.5867522143367,45.49192125828147,1,NORMAL,Double,A025,Lambert-Closse,0,"Regulier Payez-Partez",350,S,,U,0101,3112,2,"LUN A VEN 9 h - 21 h SAM 9 h - 18 h DIM 13 h - 18 h",09:00:00,21:00:00,1,1,1,1,1,0,0
A024,A024-CH-AA-28,-73.58675325583987,45.49187971850639,-73.5867522143367,45.49192125828147,1,NORMAL,Double,A025,Lambert-Closse,0,"Regulier Payez-Partez",350,S,,U,0101,3112,2,"LUN A VEN 9 h - 21 h SAM 9 h - 18 h DIM 13 h - 18 h",09:00:00,18:00:00,0,0,0,0,0,1,0
A025,A025-ZY-35-216,-73.58675325583987,45.49187971850639,-73.58669488695041,45.49188782423035,1,NORMAL,Double,A024,Lambert-Closse,0,"Regulier Payez-Partez",350,S,,A,0104,0112,0,"STAT. INT. 10 h - 11 h LUN et JEU 01 avril au 01 decembre",10:00:00,11:00:00,1,0,0,1,0,0,0
A025,A025-PC-VS-319,-73.58675325583987,45.49187971850639,-73.58669488695041,45.49188782423035,1,NORMAL,Double,A024,Lambert-Closse,0,"Regulier Payez-Partez",350,S,,B,0101,3112,0,"Stationnement reserve - vehicule electrique seulement",00:00:01,00:00:59,0,0,0,0,0,0,0
A025,A025-MX-02-125,-73.58675325583987,45.49187971850639,-73.58669488695041,45.49188782423035,1,NORMAL,Double,A024,Lambert-Closse,0,"Regulier Payez-Partez",350,S,,Q,0101,3112,3,"MAX 3 h 9h - 18 h SAM et 13 h - 18 h DIM",13:00:00,18:00:00,0,0,0,0,0,0,1
A025,A025-MX-02-28,-73.58675325583987,45.49187971850639,-73.58669488695041,45.49188782423035,1,NORMAL,Double,A024,Lambert-Closse,0,"Regulier Payez-Partez",350,S,,Q,0101,3112,3,"MAX 3 h 9h - 18 h SAM et 13 h - 18 h DIM",09:00:00,18:00:00,0,0,0,0,0,1,0
A025,A025-MX-01-109,-73.58675325583987,45.49187971850639,-73.58669488695041,45.49188782423035,1,NORMAL,Double,A024,Lambert-Closse,0,"Regulier Payez-Partez",350,S,,P,0101,3112,3,"MAX 3 h18 h - 21 h LUN A VEN",18:00:00,21:00:00,1,1,1,1,1,0,0
A025,A025-CH-AA-125,-73.58675325583987,45.49187971850639,-73.58669488695041,45.49188782423035,1,NORMAL,Double,A024,Lambert-Closse,0,"Regulier Payez-Partez",350,S,,U,0101,3112,2,"LUN A VEN 9 h - 21 h SAM 9 h - 18 h DIM 13 h - 18 h",13:00:00,18:00:00,0,0,0,0,0,0,1
A025,A025-CH-AA-108,-73.58675325583987,45.49187971850639,-73.58669488695041,45.49188782423035,1,NORMAL,Double,A024,Lambert-Closse,0,"Regulier Payez-Partez",350,S,,U,0101,3112,2,"LUN A VEN 9 h - 21 h SAM 9 h - 18 h DIM 13 h - 18 h",09:00:00,21:00:00,1,1,1,1,1,0,0
A025,A025-CH-AA-28,-73.58675325583987,45.49187971850639,-73.58669488695041,45.49188782423035,1,NORMAL,Double,A024,Lambert-Closse,0,"Regulier Payez-Partez",350,S,,U,0101,3112,2,"LUN A VEN 9 h - 21 h SAM 9 h - 18 h DIM 13 h - 18 h",09:00:00,18:00:00,0,0,0,0,0,1,0
A026,A026-ZY-35-216,-73.58663968224906,45.49180692637397,-73.58663579047284,45.491854076673185,1,NORMAL,Simple,,Lambert-Closse,0,"Regulier Payez-Partez",350,S,,A,0104,0112,0,"STAT. INT. 10 h - 11 h LUN et JEU 01 avril au 01 decembre",10:00:00,11:00:00,1,0,0,1,0,0,0
A026,A026-MX-02-125,-73.58663968224906,45.49180692637397,-73.58663579047284,45.491854076673185,1,NORMAL,Simple,,Lambert-Closse,0,"Regulier Payez-Partez",350,S,,Q,0101,3112,3,"MAX 3 h 9h - 18 h SAM et 13 h - 18 h DIM",13:00:00,18:00:00,0,0,0,0,0,0,1
A026,A026-MX-02-28,-73.58663968224906,45.49180692637397,-73.58663579047284,45.491854076673185,1,NORMAL,Simple,,Lambert-Closse,0,"Regulier Payez-Partez",350,S,,Q,0101,3112,3,"MAX 3 h 9h - 18 h SAM et 13 h - 18 h DIM",09:00:00,18:00:00,0,0,0,0,0,1,0
A026,A026-MX-01-109,-73.58663968224906,45.49180692637397,-73.58663579047284,45.491854076673185,1,NORMAL,Simple,,Lambert-Closse,0,"Regulier Payez-Partez",350,S,,P,0101,3112,3,"MAX 3 h18 h - 21 h LUN A VEN",18:00:00,21:00:00,1,1,1,1,1,0,0
A026,A026-CH-AA-125,-73.58663968224906,45.49180692637397,-73.58663579047284,45.491854076673185,1,NORMAL,Simple,,Lambert-Closse,0,"Regulier Payez-Partez",350,S,,U,0101,3112,2,"LUN A VEN 9 h - 21 h SAM 9 h - 18 h DIM 13 h - 18 h",13:00:00,18:00:00,0,0,0,0,0,0,1
A026,A026-CH-AA-108,-73.58663968224906,45.49180692637397,-73.58663579047284,45.491854076673185,1,NORMAL,Simple,,Lambert-Closse,0,"Regulier Payez-Partez",350,S,,U,0101,3112,2,"LUN A VEN 9 h - 21 h SAM 9 h - 18 h DIM 13 h - 18 h",09:00:00,21:00:00,1,1,1,1,1,0,0
A026,A026-CH-AA-28,-73.58663968224906,45.49180692637397,-73.58663579047284,45.491854076673185,1,NORMAL,Simple,,Lambert-Closse,0,"Regulier Payez-Partez",350,S,,U,0101,3112,2,"LUN A VEN 9 h - 21 h SAM 9 h - 18 h DIM 13 h - 18 h",09:00:00,18:00:00,0,0,0,0,0,1,0
A027,A027-ZY-35-216,-73.58658059473159,45.49177235550487,-73.58657567598351,45.491817939294904,1,NORMAL,Double,A028,Lambert-Closse,0,"Regulier Payez-Partez",350,S,,A,0104,0112,0,"STAT. INT. 10 h - 11 h LUN et JEU 01 avril au 01 decembre",10:00:00,11:00:00,1,0,0,1,0,0,0
A027,A027-MX-02-125,-73.58658059473159,45.49177235550487,-73.58657567598351,45.491817939294904,1,NORMAL,Double,A028,Lambert-Closse,0,"Regulier Payez-Partez",350,S,,Q,0101,3112,3,"MAX 3 h 9h - 18 h SAM et 13 h - 18 h DIM",13:00:00,18:00:00,0,0,0,0,0,0,1
A027,A027-MX-02-28,-73.58658059473159,45.49177235550487,-73.58657567598351,45.491817939294904,1,NORMAL,Double,A028,Lambert-Closse,0,"Regulier Payez-Partez",350,S,,Q,0101,3112,3,"MAX 3 h 9h - 18 h SAM et 13 h - 18 h DIM",09:00:00,18:00:00,0,0,0,0,0,1,0
A027,A027-MX-01-109,-73.58658059473159,45.49177235550487,-73.58657567598351,45.491817939294904,1,NORMAL,Double,A028,Lambert-Closse,0,"Regulier Payez-Partez",350,S,,P,0101,3112,3,"MAX 3 h18 h - 21 h LUN A VEN",18:00:00,21:00:00,1,1,1,1,1,0,0
A027,A027-CH-AA-125,-73.58658059473159,45.49177235550487,-73.58657567598351,45.491817939294904,1,NORMAL,Double,A028,Lambert-Closse,0,"Regulier Payez-Partez",350,S,,U,0101,3112,2,"LUN A VEN 9 h - 21 h SAM 9 h - 18 h DIM 13 h - 18 h",13:00:00,18:00:00,0,0,0,0,0,0,1
A027,A027-CH-AA-108,-73.58658059473159,45.49177235550487,-73.58657567598351,45.491817939294904,1,NORMAL,Double,A028,Lambert-Closse,0,"Regulier Payez-Partez",350,S,,U,0101,3112,2,"LUN A VEN 9 h - 21 h SAM 9 h - 18 h DIM 13 h - 18 h",09:00:00,21:00:00,1,1,1,1,1,0,0
A027,A027-CH-AA-28,-73.58658059473159,45.49177235550487,-73.58657567598351,45.491817939294904,1,NORMAL,Double,A028,Lambert-Closse,0,"Regulier Payez-Partez",350,S,,U,0101,3112,2,"LUN A VEN 9 h - 21 h SAM 9 h - 18 h DIM 13 h - 18 h",09:00:00,18:00:00,0,0,0,0,0,1,0
A028,A028-ZY-35-216,-73.58658059473159,45.49177235550487,-73.58651870479753,45.491785976282266,1,NORMAL,Double,A027,Lambert-Closse,0,"Regulier Payez-Partez",350,S,,A,0104,0112,0,"STAT. INT. 10 h - 11 h LUN et JEU 01 avril au 01 decembre",10:00:00,11:00:00,1,0,0,1,0,0,0
A028,A028-MX-02-125,-73.58658059473159,45.49177235550487,-73.58651870479753,45.491785976282266,1,NORMAL,Double,A027,Lambert-Closse,0,"Regulier Payez-Partez",350,S,,Q,0101,3112,3,"MAX 3 h 9h - 18 h SAM et 13 h - 18 h DIM",13:00:00,18:00:00,0,0,0,0,0,0,1
A028,A028-MX-02-28,-73.58658059473159,45.49177235550487,-73.58651870479753,45.491785976282266,1,NORMAL,Double,A027,Lambert-Closse,0,"Regulier Payez-Partez",350,S,,Q,0101,3112,3,"MAX 3 h 9h - 18 h SAM et 13 h - 18 h DIM",09:00:00,18:00:00,0,0,0,0,0,1,0
A028,A028-MX-01-109,-73.58658059473159,45.49177235550487,-73.58651870479753,45.491785976282266,1,NORMAL,Double,A027,Lambert-Closse,0,"Regulier Payez-Partez",350,S,,P,0101,3112,3,"MAX 3 h18 h - 21 h LUN A VEN",18:00:00,21:00:00,1,1,1,1,1,0,0
A028,A028-CH-AA-125,-73.58658059473159,45.49177235550487,-73.58651870479753,45.491785976282266,1,NORMAL,Double,A027,Lambert-Closse,0,"Regulier Payez-Partez",350,S,,U,0101,3112,2,"LUN A VEN 9 h - 21 h SAM 9 h - 18 h DIM 13 h - 18 h",13:00:00,18:00:00,0,0,0,0,0,0,1
A028,A028-CH-AA-108,-73.58658059473159,45.49177235550487,-73.58651870479753,45.491785976282266,1,NORMAL,Double,A027,Lambert-Closse,0,"Regulier Payez-Partez",350,S,,U,0101,3112,2,"LUN A VEN 9 h - 21 h SAM 9 h - 18 h DIM 13 h - 18 h",09:00:00,21:00:00,1,1,1,1,1,0,0
A028,A028-CH-AA-28,-73.58658059473159,45.49177235550487,-73.58651870479753,45.491785976282266,1,NORMAL,Double,A027,Lambert-Closse,0,"Regulier Payez-Partez",350,S,,U,0101,3112,2,"LUN A VEN 9 h - 21 h SAM 9 h - 18 h DIM 13 h - 18 h",09:00:00,18:00:00,0,0,0,0,0,1,0
A029,A029-ZY-35-216,-73.58646246082856,45.49170338861716,-73.58645526292844,45.49174864200573,1,NORMAL,Double,A030,Lambert-Closse,0,"Regulier Payez-Partez",350,S,,A,0104,0112,0,"STAT. INT. 10 h - 11 h LUN et JEU 01 avril au 01 decembre",10:00:00,11:00:00,1,0,0,1,0,0,0
A029,A029-MX-02-125,-73.58646246082856,45.49170338861716,-73.58645526292844,45.49174864200573,1,NORMAL,Double,A030,Lambert-Closse,0,"Regulier Payez-Partez",350,S,,Q,0101,3112,3,"MAX 3 h 9h - 18 h SAM et 13 h - 18 h DIM",13:00:00,18:00:00,0,0,0,0,0,0,1
A029,A029-MX-02-28,-73.58646246082856,45.49170338861716,-73.58645526292844,45.49174864200573,1,NORMAL,Double,A030,Lambert-Closse,0,"Regulier Payez-Partez",350,S,,Q,0101,3112,3,"MAX 3 h 9h - 18 h SAM et 13 h - 18 h DIM",09:00:00,18:00:00,0,0,0,0,0,1,0
A029,A029-MX-01-109,-73.58646246082856,45.49170338861716,-73.58645526292844,45.49174864200573,1,NORMAL,Double,A030,Lambert-Closse,0,"Regulier Payez-Partez",350,S,,P,0101,3112,3,"MAX 3 h18 h - 21 h LUN A VEN",18:00:00,21:00:00,1,1,1,1,1,0,0
A029,A029-CH-AA-125,-73.58646246082856,45.49170338861716,-73.58645526292844,45.49174864200573,1,NORMAL,Double,A030,Lambert-Closse,0,"Regulier Payez-Partez",350,S,,U,0101,3112,2,"LUN A VEN 9 h - 21 h SAM 9 h - 18 h DIM 13 h - 18 h",13:00:00,18:00:00,0,0,0,0,0,0,1
A029,A029-CH-AA-108,-73.58646246082856,45.49170338861716,-73.58645526292844,45.49174864200573,1,NORMAL,Double,A030,Lambert-Closse,0,"Regulier Payez-Partez",350,S,,U,0101,3112,2,"LUN A VEN 9 h - 21 h SAM 9 h - 18 h DIM 13 h - 18 h",09:00:00,21:00:00,1,1,1,1,1,0,0
A029,A029-CH-AA-28,-73.58646246082856,45.49170338861716,-73.58645526292844,45.49174864200573,1,NORMAL,Double,A030,Lambert-Closse,0,"Regulier Payez-Partez",350,S,,U,0101,3112,2,"LUN A VEN 9 h - 21 h SAM 9 h - 18 h DIM 13 h - 18 h",09:00:00,18:00:00,0,0,0,0,0,1,0
A030,A030-ZY-35-216,-73.58646246082856,45.49170338861716,-73.58640175913406,45.491717979521994,1,NORMAL,Double,A029,Lambert-Closse,0,"Regulier Payez-Partez",350,S,,A,0104,0112,0,"STAT. INT. 10 h - 11 h LUN et JEU 01 avril au 01 decembre",10:00:00,11:00:00,1,0,0,1,0,0,0
A030,A030-MX-02-125,-73.58646246082856,45.49170338861716,-73.58640175913406,45.491717979521994,1,NORMAL,Double,A029,Lambert-Closse,0,"Regulier Payez-Partez",350,S,,Q,0101,3112,3,"MAX 3 h 9h - 18 h SAM et 13 h - 18 h DIM",13:00:00,18:00:00,0,0,0,0,0,0,1
A030,A030-MX-02-28,-73.58646246082856,45.49170338861716,-73.58640175913406,45.491717979521994,1,NORMAL,Double,A029,Lambert-Closse,0,"Regulier Payez-Partez",350,S,,Q,0101,3112,3,"MAX 3 h 9h - 18 h SAM et 13 h - 18 h DIM",09:00:00,18:00:00,0,0,0,0,0,1,0
A030,A030-MX-01-109,-73.58646246082856,45.49170338861716,-73.58640175913406,45.491717979521994,1,NORMAL,Double,A029,Lambert-Closse,0,"Regulier Payez-Partez",350,S,,P,0101,3112,3,"MAX 3 h18 h - 21 h LUN A VEN",18:00:00,21:00:00,1,1,1,1,1,0,0
A030,A030-CH-AA-125,-73.58646246082856,45.49170338861716,-73.58640175913406,45.491717979521994,1,NORMAL,Double,A029,Lambert-Closse,0,"Regulier Payez-Partez",350,S,,U,0101,3112,2,"LUN A VEN 9 h - 21 h SAM 9 h - 18 h DIM 13 h - 18 h",13:00:00,18:00:00,0,0,0,0,0,0,1
A030,A030-CH-AA-108,-73.58646246082856,45.49170338861716,-73.58640175913406,45.491717979521994,1,NORMAL,Double,A029,Lambert-Closse,0,"Regulier Payez-Partez",350,S,,U,0101,3112,2,"LUN A VEN 9 h - 21 h SAM 9 h - 18 h DIM 13 h - 18 h",09:00:00,21:00:00,1,1,1,1,1,0,0
A030,A030-CH-AA-28,-73.58646246082856,45.49170338861716,-73.58640175913406,45.491717979521994,1,NORMAL,Double,A029,Lambert-Closse,0,"Regulier Payez-Partez",350,S,,U,0101,3112,2,"LUN A VEN 9 h - 21 h SAM 9 h - 18 h DIM 13 h - 18 h",09:00:00,18:00:00,0,0,0,0,0,1,0
A031,A031-ZY-35-216,-73.58634414252722,45.4916345784007,-73.58633731178625,45.49168097295894,1,NORMAL,Double,A032,Lambert-Closse,0,"Regulier Payez-Partez",350,S,,A,0104,0112,0,"STAT. INT. 10 h - 11 h LUN et JEU 01 avril au 01 decembre",10:00:00,11:00:00,1,0,0,1,0,0,0
A031,A031-MX-02-125,-73.58634414252722,45.4916345784007,-73.58633731178625,45.49168097295894,1,NORMAL,Double,A032,Lambert-Closse,0,"Regulier Payez-Partez",350,S,,Q,0101,3112,3,"MAX 3 h 9h - 18 h SAM et 13 h - 18 h DIM",13:00:00,18:00:00,0,0,0,0,0,0,1
A031,A031-MX-02-28,-73.58634414252722,45.4916345784007,-73.58633731178625,45.49168097295894,1,NORMAL,Double,A032,Lambert-Closse,0,"Regulier Payez-Partez",350,S,,Q,0101,3112,3,"MAX 3 h 9h - 18 h SAM et 13 h - 18 h DIM",09:00:00,18:00:00,0,0,0,0,0,1,0
A031,A031-MX-01-109,-73.58634414252722,45.4916345784007,-73.58633731178625,45.49168097295894,1,NORMAL,Double,A032,Lambert-Closse,0,"Regulier Payez-Partez",350,S,,P,0101,3112,3,"MAX 3 h18 h - 21 h LUN A VEN",18:00:00,21:00:00,1,1,1,1,1,0,0
A031,A031-CH-AA-125,-73.58634414252722,45.4916345784007,-73.58633731178625,45.49168097295894,1,NORMAL,Double,A032,Lambert-Closse,0,"Regulier Payez-Partez",350,S,,U,0101,3112,2,"LUN A VEN 9 h - 21 h SAM 9 h - 18 h DIM 13 h - 18 h",13:00:00,18:00:00,0,0,0,0,0,0,1
A031,A031-CH-AA-108,-73.58634414252722,45.4916345784007,-73.58633731178625,45.49168097295894,1,NORMAL,Double,A032,Lambert-Closse,0,"Regulier Payez-Partez",350,S,,U,0101,3112,2,"LUN A VEN 9 h - 21 h SAM 9 h - 18 h DIM 13 h - 18 h",09:00:00,21:00:00,1,1,1,1,1,0,0
A031,A031-CH-AA-28,-73.58634414252722,45.4916345784007,-73.58633731178625,45.49168097295894,1,NORMAL,Double,A032,Lambert-Closse,0,"Regulier Payez-Partez",350,S,,U,0101,3112,2,"LUN A VEN 9 h - 21 h SAM 9 h - 18 h DIM 13 h - 18 h",09:00:00,18:00:00,0,0,0,0,0,1,0
A032,A032-ZY-35-216,-73.58634414252722,45.4916345784007,-73.58628134554723,45.491648454412214,1,NORMAL,Double,A031,Lambert-Closse,0,"Regulier Payez-Partez",350,S,,A,0104,0112,0,"STAT. INT. 10 h - 11 h LUN et JEU 01 avril au 01 decembre",10:00:00,11:00:00,1,0,0,1,0,0,0
A032,A032-MX-02-125,-73.58634414252722,45.4916345784007,-73.58628134554723,45.491648454412214,1,NORMAL,Double,A031,Lambert-Closse,0,"Regulier Payez-Partez",350,S,,Q,0101,3112,3,"MAX 3 h 9h - 18 h SAM et 13 h - 18 h DIM",13:00:00,18:00:00,0,0,0,0,0,0,1
A032,A032-MX-02-28,-73.58634414252722,45.4916345784007,-73.58628134554723,45.491648454412214,1,NORMAL,Double,A031,Lambert-Closse,0,"Regulier Payez-Partez",350,S,,Q,0101,3112,3,"MAX 3 h 9h - 18 h SAM et 13 h - 18 h DIM",09:00:00,18:00:00,0,0,0,0,0,1,0
A032,A032-MX-01-109,-73.58634414252722,45.4916345784007,-73.58628134554723,45.491648454412214,1,NORMAL,Double,A031,Lambert-Closse,0,"Regulier Payez-Partez",350,S,,P,0101,3112,3,"MAX 3 h18 h - 21 h LUN A VEN",18:00:00,21:00:00,1,1,1,1,1,0,0
A032,A032-CH-AA-125,-73.58634414252722,45.4916345784007,-73.58628134554723,45.491648454412214,1,NORMAL,Double,A031,Lambert-Closse,0,"Regulier Payez-Partez",350,S,,U,0101,3112,2,"LUN A VEN 9 h - 21 h SAM 9 h - 18 h DIM 13 h - 18 h",13:00:00,18:00:00,0,0,0,0,0,0,1
A032,A032-CH-AA-108,-73.58634414252722,45.4916345784007,-73.58628134554723,45.491648454412214,1,NORMAL,Double,A031,Lambert-Closse,0,"Regulier Payez-Partez",350,S,,U,0101,3112,2,"LUN A VEN 9 h - 21 h SAM 9 h - 18 h DIM 13 h - 18 h",09:00:00,21:00:00,1,1,1,1,1,0,0
A032,A032-CH-AA-28,-73.58634414252722,45.4916345784007,-73.58628134554723,45.491648454412214,1,NORMAL,Double,A031,Lambert-Closse,0,"Regulier Payez-Partez",350,S,,U,0101,3112,2,"LUN A VEN 9 h - 21 h SAM 9 h - 18 h DIM 13 h - 18 h",09:00:00,18:00:00,0,0,0,0,0,1,0
A133,A133-ZY-14-89,-73.58865604320358,45.49046556380147,-73.58872314556554,45.49046548052092,1,NORMAL,Double,A134,Sherbrooke,1,"Regulier Payez-Partez",350,S,,A,0104,0112,0,"STAT. INT.7 h ou 7 h 30 - 8 h 30 MAR ET VEN 01 avril au 01 dec",07:00:00,08:30:00,0,1,0,0,1,0,0
A133,A133-MX-02-125,-73.58865604320358,45.49046556380147,-73.58872314556554,45.49046548052092,1,NORMAL,Double,A134,Sherbrooke,1,"Regulier Payez-Partez",350,S,,Q,0101,3112,3,"MAX 3 h 9h - 18 h SAM et 13 h - 18 h DIM",13:00:00,18:00:00,0,0,0,0,0,0,1
A133,A133-MX-02-28,-73.58865604320358,45.49046556380147,-73.58872314556554,45.49046548052092,1,NORMAL,Double,A134,Sherbrooke,1,"Regulier Payez-Partez",350,S,,Q,0101,3112,3,"MAX 3 h 9h - 18 h SAM et 13 h - 18 h DIM",09:00:00,18:00:00,0,0,0,0,0,1,0
A133,A133-MX-01-109,-73.58865604320358,45.49046556380147,-73.58872314556554,45.49046548052092,1,NORMAL,Double,A134,Sherbrooke,1,"Regulier Payez-Partez",350,S,,P,0101,3112,3,"MAX 3 h18 h - 21 h LUN A VEN",18:00:00,21:00:00,1,1,1,1,1,0,0
A133,A133-CH-AA-125,-73.58865604320358,45.49046556380147,-73.58872314556554,45.49046548052092,1,NORMAL,Double,A134,Sherbrooke,1,"Regulier Payez-Partez",350,S,,U,0101,3112,2,"LUN A VEN 9 h - 21 h SAM 9 h - 18 h DIM 13 h - 18 h",13:00:00,18:00:00,0,0,0,0,0,0,1
A133,A133-CH-AA-108,-73.58865604320358,45.49046556380147,-73.58872314556554,45.49046548052092,1,NORMAL,Double,A134,Sherbrooke,1,"Regulier Payez-Partez",350,S,,U,0101,3112,2,"LUN A VEN 9 h - 21 h SAM 9 h - 18 h DIM 13 h - 18 h",09:00:00,21:00:00,1,1,1,1,1,0,0
A133,A133-CH-AA-28,-73.58865604320358,45.49046556380147,-73.58872314556554,45.49046548052092,1,NORMAL,Double,A134,Sherbrooke,1,"Regulier Payez-Partez",350,S,,U,0101,3112,2,"LUN A VEN 9 h - 21 h SAM 9 h - 18 h DIM 13 h - 18 h",09:00:00,18:00:00,0,0,0,0,0,1,0
A134,A134-ZY-14-89,-73.58865604320358,45.49046556380147,-73.58867159695872,45.490512125324734,1,NORMAL,Double,A133,Sherbrooke,1,"Regulier Payez-Partez",350,S,,A,0104,0112,0,"STAT. INT.7 h ou 7 h 30 - 8 h 30 MAR ET VEN 01 avril au 01 dec",07:00:00,08:30:00,0,1,0,0,1,0,0
A134,A134-MX-02-125,-73.58865604320358,45.49046556380147,-73.58867159695872,45.490512125324734,1,NORMAL,Double,A133,Sherbrooke,1,"Regulier Payez-Partez",350,S,,Q,0101,3112,3,"MAX 3 h 9h - 18 h SAM et 13 h - 18 h DIM",13:00:00,18:00:00,0,0,0,0,0,0,1
A134,A134-MX-02-28,-73.58865604320358,45.49046556380147,-73.58867159695872,45.490512125324734,1,NORMAL,Double,A133,Sherbrooke,1,"Regulier Payez-Partez",350,S,,Q,0101,3112,3,"MAX 3 h 9h - 18 h SAM et 13 h - 18 h DIM",09:00:00,18:00:00,0,0,0,0,0,1,0
A134,A134-MX-01-109,-73.58865604320358,45.49046556380147,-73.58867159695872,45.490512125324734,1,NORMAL,Double,A133,Sherbrooke,1,"Regulier Payez-Partez",350,S,,P,0101,3112,3,"MAX 3 h18 h - 21 h LUN A VEN",18:00:00,21:00:00,1,1,1,1,1,0,0
